{
    "Linear Regression": {
        "r2": 0.9903151981595515,
        "mae": 1.2978887126179002,
        "accuracy": 99.03151981595515
    },
    "Random Forest Regressor": {
        "r2": 0.8353302568494806,
        "mae": 5.531349166666668,
        "accuracy": 83.53302568494806
    },
    "Gradient Boosting Regressor": {
        "r2": 0.9208194164419625,
        "mae": 3.7173762326096096,
        "accuracy": 92.08194164419625
    },
    "Support Vector Regressor": {
        "r2": 0.5340939406153077,
        "mae": 9.198376513270691,
        "accuracy": 53.40939406153077
    }
}